rank,name,code,country,search,api_id
1,Bayern München,GER,Germany,Bayern,
2,Real Madrid,ESP,Spain,Real Madrid,
3,Liverpool,ENG,England,Liverpool,
4,Inter,ITA,Italy,Inter,
5,Paris Saint-Germain,FRA,France,Paris Saint Germain,
6,Manchester City,ENG,England,Manchester City,
7,Arsenal,ENG,England,Arsenal,
8,Barcelona,ESP,Spain,Barcelona,
9,Bayer Leverkusen,GER,Germany,Leverkusen,
10,Atlético Madrid,ESP,Spain,Atletico Madrid,
11,Borussia Dortmund,GER,Germany,Dortmund,
12,Chelsea,ENG,England,Chelsea,
13,Roma,ITA,Italy,Roma,
14,Benfica,POR,Portugal,Benfica,
15,Atalanta,ITA,Italy,Atalanta,
16,Sporting CP,POR,Portugal,Sporting,
17,Eintracht Frankfurt,GER,Germany,Eintracht Frankfurt,
18,Tottenham,ENG,England,Tottenham,
19,Porto,POR,Portugal,Porto,
20,Aston Villa,ENG,England,Aston Villa,
21,Manchester United,ENG,England,Manchester United,
22,Fiorentina,ITA,Italy,Fiorentina,
23,Club Brugge,BEL,Belgium,Club Brugge,
24,Real Betis,ESP,Spain,Betis,
25,Juventus,ITA,Italy,Juventus,
26,PSV,NED,Netherlands,PSV,
27,Feyenoord,NED,Netherlands,Feyenoord,
28,West Ham,ENG,England,West Ham,
29,Lille,FRA,France,Lille,
30,Milan,ITA,Italy,AC Milan,
31,Napoli,ITA,Italy,Napoli,
32,Lazio,ITA,Italy,Lazio,
33,Marseille,FRA,France,Marseille,
34,Olympiacos,GRE,Greece,Olympiakos,
35,Bodø/Glimt,NOR,Norway,Bodo,
36,RB Leipzig,GER,Germany,Leipzig,
37,Villarreal,ESP,Spain,Villarreal,
38,Shakhtar Donetsk,UKR,Ukraine,Shakhtar,
39,Rangers,SCO,Scotland,Rangers,
40,Celtic,SCO,Scotland,Celtic,
41,Union Saint-Gilloise,BEL,Belgium,Union St. Gilloise,
42,Lyon,FRA,France,Lyon,
43,Ajax,NED,Netherlands,Ajax,
44,Galatasaray,TUR,Turkey,Galatasaray,
45,Fenerbahçe,TUR,Turkey,Fenerbahce,
46,Slavia Praha,CZE,Czech-Republic,Slavia Praha,
47,Real Sociedad,ESP,Spain,Real Sociedad,
48,Monaco,FRA,France,Monaco,
49,Newcastle United,ENG,England,Newcastle,
50,Bologna,ITA,Italy,Bologna,
51,Braga,POR,Portugal,Braga,
52,Salzburg,AUT,Austria,Salzburg,
53,Qarabağ,AZE,Azerbaijan,Qarabag,
54,Crvena zvezda,SRB,Serbia,Crvena Zvezda,
55,Dinamo Zagreb,CRO,Croatia,Dinamo Zagreb,
56,PAOK,GRE,Greece,PAOK,
57,Viktoria Plzeň,CZE,Czech-Republic,Plzen,
58,Ferencváros,HUN,Hungary,Ferencvaros,
59,Young Boys,SUI,Switzerland,Young Boys,
60,Midtjylland,DEN,Denmark,Midtjylland,
61,Freiburg,GER,Germany,Freiburg,
62,Sevilla,ESP,Spain,Sevilla,
63,Athletic Club,ESP,Spain,Athletic Club,
64,Nottingham Forest,ENG,England,Nottingham Forest,
65,Copenhagen,DEN,Denmark,Kobenhavn,
66,AZ Alkmaar,NED,Netherlands,AZ Alkmaar,
67,Stuttgart,GER,Germany,Stuttgart,
68,Sparta Praha,CZE,Czech-Republic,Sparta Praha,
69,Twente,NED,Netherlands,Twente,
70,Nice,FRA,France,Nice,
71,Lens,FRA,France,Lens,
72,Rennes,FRA,France,Rennes,
73,Brest,FRA,France,Brest,
74,Anderlecht,BEL,Belgium,Anderlecht,
75,Gent,BEL,Belgium,Gent,
76,Molde,NOR,Norway,Molde,
77,Ludogorets,BUL,Bulgaria,Ludogorets,
78,Sturm Graz,AUT,Austria,Sturm Graz,
79,Basel,SUI,Switzerland,Basel,
80,Maccabi Tel Aviv,ISR,Israel,Maccabi Tel Aviv,
81,Celje,SLO,Slovenia,Celje,
82,Legia Warszawa,POL,Poland,Legia,
83,Jagiellonia,POL,Poland,Jagiellonia,
84,FCSB,ROU,Romania,FCSB,
85,Malmö,SWE,Sweden,Malmo,
86,Rapid Wien,AUT,Austria,Rapid Wien,
87,Pafos,CYP,Cyprus,Pafos,
88,Utrecht,NED,Netherlands,Utrecht,
89,Wolfsburg,GER,Germany,Wolfsburg,
90,Hoffenheim,GER,Germany,Hoffenheim,
91,Union Berlin,GER,Germany,Union Berlin,
92,Mainz,GER,Germany,Mainz,
93,Girona,ESP,Spain,Girona,
94,Crystal Palace,ENG,England,Crystal Palace,
95,Beşiktaş,TUR,Turkey,Besiktas,
96,Lugano,SUI,Switzerland,Lugano,
97,Djurgården,SWE,Sweden,Djurgardens,
98,Brann,NOR,Norway,Brann,
99,Slovan Bratislava,SVK,Slovakia,Slovan Bratislava,
100,Servette,SUI,Switzerland,Servette,
